Factor,Mean,t-stat,Sharpe,Obs
feat_Opa,-0.001802994648798885,-0.8717791652884086,-0.17464715461932648,299
feat_Ola,-0.0012570703183735924,-0.5923134689789574,-0.12111593412790364,287
feat_Oleq,-0.001770330087264196,-0.7353394725568383,-0.1480582618933227,296
